('consult', 'NN')
('mechanisms', 'NNS')
('represented', 'VBD')
('work-round', 'JJ')
('wishes', 'NNS')
('intermediates', 'VBZ')
('satisfy', 'JJ')
('absir', 'NN')
('summing', 'VBG')
('ranges', 'NNS')
('encode_alpha', 'RB')
('than', 'IN')
('iteration', 'NN')
('following', 'VBG')
('inline', 'JJ')
('none', 'NN')
('cancels', 'NNS')
('rationale', 'VBP')
('file->idat_max', 'JJ')
('involving', 'VBG')
('paramsnparams', 'NNS')
('srgb1', 'VBP')
('desire', 'NN')
('misbehavior', 'JJ')
('pngh', 'NN')
('hardware', 'NN')
('png_ptr->bit_depth', 'JJ')
('room', 'NN')
('tmpfile', 'NN')
('weighted', 'VBD')
('amount', 'NN')
('read_interlacing', 'VBG')
('feedback', 'NN')
('jcb', 'NN')
('receives', 'VBZ')
('compression_buffer', 'VBP')
('practice', 'NN')
('factor', 'NN')
('png_ptr->zowner', 'JJ')
('equations', 'NNS')
('limitation', 'NN')
('libpng-156', 'JJ')
('blocky', 'JJ')
('image-height', 'JJ')
('disclaimer', 'NN')
('png_transform_', 'NN')
('png_no_stdio', 'NN')
('received', 'VBD')
('expand16', 'JJ')
('white-scale', 'JJ')
('modulo', 'NN')
('reported', 'VBD')
('completion', 'NN')
('negate', 'NN')
('flushes', 'NNS')
('strcmp', 'VBP')
('preset', 'NN')
('word', 'NN')
('changed', 'VBD')
('bad_combos', 'NNS')
('zlib_fatal', 'NN')
('marked', 'VBD')
('care', 'NN')
('caught', 'VBN')
('green-x', 'JJ')
('viewing', 'VBG')
('unsigned_max', 'JJ')
('intersects', 'NNS')
('say', 'VBP')
('red-cred-scale', 'JJ')
('png_row_in_interlace_passy', 'NN')
('mybuffer', 'NN')
('skp', 'JJ')
('format_flag', 'JJ')
('8-bits', 'JJ')
('composition', 'NN')
('ferror', 'NN')
('combined', 'VBN')
('xyz1', 'CD')
('allocating', 'VBG')
('fclose', 'RB')
('eliminated', 'VBN')
('take', 'NN')
('writing', 'VBG')
('assumes', 'NNS')
('put', 'VBD')
('raw', 'JJ')
('recompile', 'NN')
('cnhp730sicc', 'NN')
('restricted', 'VBD')
('per-type', 'JJ')
('png_get_io_ptrpng_ptr', 'NN')
('freedom', 'NN')
('signalled', 'VBD')
('align_type', 'JJ')
('illusion', 'NN')
('testing', 'VBG')
('alpha0', 'JJ')
('displaying', 'VBG')
('vulnerability', 'NN')
('read_srgb', 'NN')
('inaccuracy', 'NN')
('adigits', 'VBZ')
('bitmap', 'RB')
('digitized', 'VBN')
('png_alpha_png', 'NN')
('saw_dot', 'NN')
('read_itxt', 'VBD')
('libpng-140', 'JJ')
('bgra', 'JJ')
('represent', 'NN')
('appear', 'VBP')
('zlib_io_max', 'NN')
('predict', 'JJ')
('compilation', 'NN')
('inserted', 'VBD')
('typing', 'VBG')
('suffixed', 'JJ')
('atob0tag', 'NN')
('truncated', 'VBD')
('deleted', 'JJ')
('premultiplying', 'NN')
('printer', 'NN')
('gray<->color', 'NN')
('results', 'NNS')
('chop', 'VBP')
('processing', 'VBG')
('implied', 'VBN')
('theyd', 'NN')
('reinitializes', 'VBZ')
('plain', 'VBP')
('performing', 'VBG')
('utf', 'JJ')
('checker', 'NN')
('newline', 'JJ')
('keywords', 'NNS')
('file-bits', 'JJ')
('image->file_name', 'JJ')
('contining', 'VBG')
('wish', 'JJ')
('revised', 'VBN')
('mntr', 'NN')
('positioned', 'VBD')
('logged', 'JJ')
('quantity', 'NN')
('whichever', 'NN')
('exists', 'VBZ')
('chance', 'NN')
('flip', 'NN')
('aids', 'NNS')
('chunked', 'VBD')
('delay', 'NN')
('manage', 'NN')
('minor', 'JJ')
('begin_read', 'NN')
('approximation', 'NN')
('replaces', 'NNS')
('garbage', 'VBP')
('release_build', 'JJ')
('future', 'NN')
('limiting', 'VBG')
('prediction', 'NN')
('putting', 'VBG')
('release', 'NN')
('filedata_pos', 'NN')
('intended', 'VBN')
('png_ptr->zstream', 'NN')
('uint_max5', 'JJ')
('whitespace', 'NN')
('involves', 'VBZ')
('fileid', 'JJ')
('no-transform', 'JJ')
('next_type', 'JJ')
('measure', 'NN')
('red-zred-scale', 'JJ')
('percentage', 'NN')
('benign_errors', 'NNS')
('png_read_transforms_supported', 'VBD')
('non-device', 'JJ')
('encodings0', 'NN')
('png_encode_alpha', 'NN')
('png_warn_uninitialized_row', 'NN')
('tags', 'IN')
('div-by-zero', 'JJ')
('apple', 'NN')
('recognize', 'NN')
('mark', 'NN')
('duplicate', 'JJ')
('math', 'NN')
('color-maps', 'NNS')
('floorv', 'JJ')
('damage', 'NN')
('multiple_algorithms', 'NN')
('converse', 'NN')
('handles', 'VBZ')
('libpng-1219', 'JJ')
('digital', 'JJ')
('deciding', 'VBG')
('stdout', 'NN')
('uncomment', 'NN')
('output_is_encoded', 'VBD')
('cbrow', 'JJ')
('discard', 'JJ')
('encoder', 'NN')
('self-consistent', 'JJ')
('forbid', 'NN')
('perfect', 'JJ')
('strip_alpha', 'NN')
('signals', 'NNS')
('png_cmap_', 'VBP')
('calculations', 'NNS')
('headers', 'NNS')
('parentheses', 'VBZ')
('5precision', 'CD')
('modes', 'NNS')
('write_transforms', 'NNS')
('intensityopaque', 'VBP')
('kill', 'VB')
('png_image_buffer_size', 'VB')
('says', 'VBZ')
('replacing', 'VBG')
('charles', 'NNS')
('endpoint', 'NN')
('costs', 'NNS')
('bytes-per-pixel', 'JJ')
('variation', 'NN')
('characteristics', 'NNS')
('png-12', 'JJ')
('tbd', 'NN')
('risk', 'NN')
('png_optimized_alpha', 'NN')
('increases', 'NNS')
('gamma_depth', 'VBP')
('treats', 'NNS')
('undoes', 'JJ')
('pointless', 'JJ')
('differ', 'NN')
('counted', 'VBD')
('component<alpha', 'NN')
('within', 'IN')
('retained', 'VBN')
('bogus', 'NNS')
('took', 'VBD')
('balance', 'NN')
('imposes', 'NNS')
('get_trns', 'VBP')
('macros', 'NNS')
('bitwise', 'VBP')
('hunts', 'NNS')
('stride', 'VB')
('fall', 'NN')
('leaks', 'NNS')
('increasing', 'VBG')
('xrgbrgbxagga', 'NN')
('modifier', 'NN')
('requiring', 'VBG')
('read_unknown_chunks', 'NNS')
('global_use', 'VBP')
('png_background_is_gray', 'JJ')
('png_read_update_info->png_read_start_row', 'JJ')
('adjust', 'NN')
('png_set_invert_alphapng_structrp', 'NN')
('out-of-range', 'JJ')
('do_16bit', 'NN')
('complains', 'NNS')
('read_iccp', 'VBP')
('default_tests', 'NNS')
('display_log', 'VBP')
('read_expand', 'NN')
('dilger', 'NN')
('support', 'NN')
('aligned', 'VBD')
('dbl_epsilon', 'NN')
('placed', 'VBD')
('restraint', 'NN')
('chars', 'NNS')
('january', 'JJ')
('fifth', 'JJ')
('generate', 'NN')
('interdependencies', 'NNS')
('initializes', 'VBP')
('install', 'NN')
('grained', 'VBN')
('deallocate', 'JJ')
('png_strip_alpha', 'NNS')
('libpng-1230', 'JJ')
('sequential_read', 'JJ')
('blue-scale', 'JJ')
('coefficient', 'NN')
('comparing', 'VBG')
('inform', 'NN')
('installed', 'VBN')
('glibc', 'JJ')
('red-scalegreen-scale', 'JJ')
('png_filter_value_up', 'NN')
('boring', 'JJ')
('loss', 'NN')
('modify', 'NN')
('invalidate', 'JJ')
('a-c', 'JJ')
('gzip', 'NN')
('max-outmax-in', 'JJ')
('yuck', 'NN')
('defaulting', 'VBG')
('sliding', 'VBG')
('returning', 'VBG')
('compiling', 'VBG')
('leak', 'JJ')
('non-transform', 'JJ')
('inflatereset', 'NN')
('set_user_limits', 'NNS')
('reduction', 'NN')
('relicate', 'NN')
('known', 'VBN')
('replacements', 'NNS')
('superfast', 'JJ')
('gpre', 'JJ')
('png_warning_parameter_count', 'NN')
('hacking', 'VBG')
('<16', 'NNP')
('r^gamma', 'NN')
('png_pass_colswidth', 'NN')
('filled', 'VBD')
('b-c', 'JJ')
('happened', 'VBD')
('pre-1610', 'JJ')
('chose', 'JJ')
('perception', 'NN')
('works', 'VBZ')
('lists', 'NNS')
('shortcut', 'VBP')
('quality', 'NN')
('calculating', 'VBG')
('_out', 'IN')
('turning', 'VBG')
('declare', 'JJ')
('thereof', 'JJ')
('evidence', 'NN')
('allocator', 'NN')
('checking', 'VBG')
('bottom', 'JJ')
('priority', 'NN')
('png_read_pack_supported', 'VBN')
('cant', 'NN')
('png_easy_access_supported', 'VBN')
('allocated', 'VBD')
('in-place', 'NN')
('released', 'VBN')
('mask_alpha', 'JJ')
('boundary', 'JJ')
('expected', 'VBN')
('treatment', 'NN')
('held', 'VBD')
('btoax', 'JJ')
('inter-chunk', 'JJ')
('auto', 'NN')
('combination', 'NN')
('hack', 'NN')
('png_modification', 'NN')
('opened', 'VBD')
('whining', 'VBG')
('modifier_read', 'JJ')
('vary', 'JJ')
('permute', 'NN')
('httpswwwsecurecodingcertorgconfluencedisplayc', 'NN')
('error_text', 'JJ')
('_imp', 'NN')
('know', 'VBP')
('decent', 'JJ')
('providing', 'VBG')
('simplified_write', 'JJ')
('swapping', 'VBG')
('ship', 'NN')
('discovered', 'VBD')
('red-scale', 'JJ')
('read_compressed_text', 'JJ')
('png_filler_after', 'NN')
('libpng-17', 'JJ')
('exceptions', 'NNS')
('read_invert_alpha', 'VBP')
('deprecate', 'JJ')
('insignificant', 'NN')
('relates', 'VBZ')
('validated', 'VBN')
('ignore', 'JJ')
('condition', 'NN')
('knows', 'NNS')
('accelerated', 'VBD')
('spec', 'JJ')
('read_transforms', 'NNS')
('png_max_palette_length', 'VBP')
('branch', 'NN')
('tofrom', 'NN')
('see', 'VBP')
('factoring', 'VBG')
('odd', 'JJ')
('do_round', 'NN')
('matters', 'NNS')
('pipeline', 'NN')
('world', 'NN')
('colormap->pixel', 'NN')
('changes', 'NNS')
('route', 'VBP')
('idat_listlength', 'NN')
('alphas', 'NN')
('sparkle', 'NN')
('microsoft', 'RBS')
('trouble', 'NN')
('update_info', 'JJ')
('-710', 'NNP')
('pngsuite', 'NN')
('png_io_chunk_data', 'NN')
('top-most', 'NN')
('next_format', 'JJ')
('case', 'NN')
('crc_one_byte', 'NN')
('fire', 'NN')
('png_div257', 'NN')
('basedelta', 'NN')
('vectors', 'NNS')
('throughout', 'IN')
('including', 'VBG')
('convert-to-srgb', 'JJ')
('irrelevant', 'JJ')
('iff', 'NN')
('replacement', 'NN')
('alpha025', 'IN')
('app-error', 'JJ')
('allocators', 'NNS')
('extensions', 'NNS')
('react', 'VBP')
('threshold', 'JJ')
('ancestors', 'NNS')
('png_info_chunk', 'VBP')
('via_linear', 'JJ')
('replicate', 'NN')
('floating', 'VBG')
('80-bit', 'JJ')
('perceive', 'JJ')
('zap', 'NN')
('makes', 'VBZ')
('steal', 'JJ')
('computer', 'NN')
('vhivlo', 'VBD')
('blue-xred-y', 'JJ')
('abc', 'NN')
('algorithm', 'NN')
('bool', 'NN')
('adequate', 'JJ')
('non-palette', 'JJ')
('info_struct', 'NN')
('adam', 'NN')
('compliant', 'NN')
('describes', 'VBZ')
('across', 'IN')
('succeed', 'VB')
('png_filter_value_none', 'JJ')
('net', 'JJ')
('loops', 'NNS')
('file-name', 'JJ')
('waste', 'NN')
('png_ptrunknown_chunk', 'NN')
('behavior', 'NN')
('machine', 'NN')
('process_idat', 'NN')
('messed', 'VBD')
('non', 'JJ')
('-1<<15-png_max_gamma_8', 'NNP')
('map', 'NN')
('successive', 'JJ')
('relied', 'VBD')
('libpng-154', 'JJ')
('validity', 'NN')
('clobbered', 'VBD')
('contents', 'NNS')
('though', 'IN')
('statement', 'NN')
('ascp', 'NN')
('freeing', 'VBG')
('work', 'NN')
('become', 'VBN')
('read_chrm', 'JJ')
('reports', 'NNS')
('determinant', 'NN')
('displayblock', 'NN')
('png_do_read_transforms', 'NNS')
('maintained', 'VBD')
('iterator', 'NN')
('interesting', 'VBG')
('check_end', 'JJ')
('errors', 'NNS')
('png_io_chunk_hdr', 'VBP')
('supposed', 'VBN')
('achieved', 'JJ')
('components', 'NNS')
('single_rowbuf_alloc', 'VBP')
('read_alpha_mode', 'JJ')
('scp', 'JJ')
('colorxcolor-z', 'JJ')
('png_read_struct', 'NN')
('someplace', 'NN')
('file-not-found', 'JJ')
('standard_displayfiller', 'NN')
('ensuring', 'VBG')
('origin', 'JJ')
('coeefficients', 'NNS')
('tested', 'VBN')
('ciexyz', 'JJ')
('image_pixel_add_alpha', 'JJ')
('replace', 'VB')
('lookup', 'NN')
('duplicated', 'VBN')
('rows', 'VBZ')
('typingerrors', 'NNS')
('improve', 'VB')
('gregs', 'NNS')
('consortium', 'NN')
('clearing', 'VBG')
('context', 'JJ')
('hide', 'NN')
('supporting', 'VBG')
('containing', 'VBG')
('inaccuracies', 'NNS')
('-5e-5', 'NNP')
('png_pass_rowsheight', 'NN')
('restricts', 'VBZ')
('invariant', 'JJ')
('compiler', 'NN')
('formatting', 'VBG')
('~poyntonnotescolour_and_gammacolorfaqtxt', 'JJ')
('red-scalegreen-scaleblue-scale', 'JJ')
('setjmp_supported', 'VBN')
('store_storefile', 'JJ')
('ab-c-c', 'JJ')
('kodak', 'NN')
('exits', 'NNS')
('nyi', 'JJ')
('png-fix-itxt', 'JJ')
('randers-pehrson', 'JJ')
('overread', 'JJ')
('png_pass_row_shiftpass', 'NN')
('green-xgreen-scale', 'JJ')
('cleans', 'NNS')
('without', 'IN')
('combos', 'JJ')
('serves', 'NNS')
('specify', 'VBP')
('samples', 'NNS')
('depends', 'VBZ')
('popcount', 'NN')
('rounded', 'VBD')
('png_pass_height', 'JJ')
('mechanism', 'NN')
('saves', 'NNS')
('depthswap', 'VBP')
('matter', 'JJR')
('sub-byte', 'JJ')
('datastreams', 'NNS')
('normalized', 'VBN')
('gets', 'VBZ')
('thing', 'NN')
('progressive_read', 'NN')
('accumulate', 'VBP')
('seed', 'NN')
('discussion', 'NN')
('sigterm', 'NN')
('png_set_option_supported', 'VBD')
('append', 'JJ')
('non-matching', 'JJ')
('color-type3', 'JJ')
('loop', 'NN')
('deals', 'NNS')
('modifications', 'NNS')
('working', 'VBG')
('creation', 'NN')
('input_file', 'IN')
('eliminating', 'VBG')
('_init', 'JJ')
('boolean', 'JJ')
('winc', 'NN')
('recycled', 'VBD')
('destination', 'NN')
('codes', 'NNS')
('stepping', 'VBG')
('awful', 'JJ')
('end-point', 'JJ')
('feature', 'NN')
('fact', 'NN')
('cramers', 'NNS')
('selection', 'VBP')
('sticky', 'JJ')
('non-printing', 'JJ')
('crazy', 'JJ')
('association', 'NN')
('blue-y-green-y', 'JJ')
('find', 'NN')
('panel', 'NN')
('compilers', 'NNS')
('png_color_type_palette', 'VBP')
('print0', 'JJ')
('colorfaq', 'NN')
('incorporated', 'VBN')
('hidden', 'JJ')
('doesnt', 'NN')
('comparisonchecking', 'VBG')
('arguments', 'NNS')
('redundant', 'JJ')
('happen', 'JJ')
('contriblibtestspngstest-errorshn', 'NN')
('png_structpng_info', 'NN')
('zlib_message', 'NN')
('inversion', 'NN')
('implies', 'NNS')
('combinations', 'NNS')
('changing', 'VBG')
('-11', 'NN')
('values><n', 'NN')
('png_read_supported', 'VBD')
('trust', 'JJ')
('effect', 'NN')
('destabilizing', 'VBG')
('flush_data_fn', 'NN')
('rejected', 'VBD')
('read_callback', 'NN')
('distinguish', 'NN')
('png_simplified_read_supported', 'VBN')
('stupidity', 'NN')
('warnuse', 'NN')
('licensen', 'VBD')
('bckg', 'JJ')
('architecture', 'NN')
('involve', 'VBP')
('responsibility', 'NN')
('as-yet', 'RB')
('repeating', 'VBG')
('replicated', 'VBN')
('longjmppng_ptr->jmp_buf_ptr', 'JJ')
('entered', 'JJ')
('parallel', 'NN')
('gammas', 'NN')
('permutes', 'VBZ')
('parts', 'NNS')
('intercepted', 'VBD')
('white_scale', 'JJ')
('describe', 'NN')
('trailing', 'VBG')
('libpng-160', 'JJ')
('fflushfclose', 'JJ')
('modf', 'NN')
('subtraction', 'NN')
('conversion', 'NN')
('theyre', 'NN')
('btoaalpha', 'IN')
('pseudo-random', 'JJ')
('retrieval', 'NN')
('png_div51', 'NN')
('terminators', 'NNS')
('modify_fn', 'VBP')
('exit_test', 'JJS')
('cancel', 'NN')
('<chunk>', 'NN')
('lookups', 'VBZ')
('png_composite', 'JJ')
('kept', 'VBD')
('generating', 'VBG')
('lose', 'JJ')
('lead', 'JJ')
('examine', 'NN')
('libpng-121', 'JJ')
('computations', 'NNS')
('examination', 'VBP')
('red-yred-scale', 'JJ')
('right_shift', 'NN')
('do_own_interlace', 'NN')
('rgba-8', 'JJ')
('insecure', 'NN')
('counters', 'NNS')
('mapped', 'VBD')
('wrappers', 'NNS')
('safetys', 'VBP')
('throw', 'JJ')
('png_structgamma', 'NN')
('pngrtranc', 'NN')
('png_noreturn', 'NN')
('grp', 'NN')
('memcmp', 'NN')
('includes', 'VBZ')
('removes', 'VBZ')
('bit-depth', 'JJ')
('arm', 'JJ')
('note', 'NN')
('pre-17', 'JJ')
('enhancements', 'NNS')
('cast', 'VBD')
('out-of-memory', 'JJ')
('platforms', 'NNS')
('device', 'NN')
('shipped', 'VBD')
('explain', 'VB')
('overflow', 'JJ')
('corresponding', 'VBG')
('backgroundpre-multiplication', 'NN')
('protect', 'NN')
('expectations', 'NNS')
('saw', 'VBD')
('crc320ul', 'JJ')
('enclosing', 'VBG')
('treat', 'NN')
('dimensions', 'NNS')
('png_header_version_string', 'VBG')
('pngrioc', 'NN')
('status_code', 'NN')
('was', 'VBD')
('effects', 'NNS')
('write_flush', 'VBP')
('like', 'IN')
('unsigned_max1', 'JJ')
('crashing', 'VBG')
('read_rgb_to_gray', 'NN')
('dated', 'VBD')
('blue-zblue-scale', 'JJ')
('answer', 'NN')
('gray_to_rgb', 'NN')
('characters', 'NNS')
('addition', 'NN')
('print', 'NN')
('truncate', 'NN')
('png_structtime_buffer', 'VBP')
('blue-y', 'JJ')
('red-x', 'JJ')
('lab', 'NN')
('tablelow', 'NN')
('comes', 'VBZ')
('sync_flush', 'JJ')
('idats', 'NNS')
('requires', 'VBZ')
('adjusts', 'NNS')
('ok-bits', 'NNS')
('accept', 'VBP')
('read_bgr', 'JJ')
('approaches', 'NNS')
('g16', 'VBP')
('emit_error', 'JJ')
('httpswebarchiveorgweb20000816232553wwwinforampnet', 'NN')
('think', 'VBP')
('fit', 'JJ')
('bit-20', 'JJ')
('experimental', 'JJ')
('reserve', 'NN')
('color-x', 'JJ')
('png_alpha_standard', 'NN')
('closeness', 'NN')
('body', 'NN')
('legion', 'JJ')
('c-90', 'JJ')
('chosen', 'NN')
('replicating', 'NN')
('rules', 'NNS')
('sufficient', 'JJ')
('<httpwwwinforampnet~poynton>', 'NNP')
('p_srgb', 'NN')
('control_end', 'NN')
('validates', 'VBZ')
('information', 'NN')
('exported', 'VBD')
('png_invert_alpha', 'NN')
('andor', 'NN')
('conformant', 'NN')
('worth', 'NN')
('recommended', 'VBD')
('info_structs', 'NNS')
('nused', 'VBN')
('efficient', 'JJ')
('encounter', 'RB')
('>background_gamma_typepng_background_gamma_unknown', 'JJ')
('ambiguities', 'NNS')
('masking', 'VBG')
('stop_invalid', 'JJ')
('png_set_shiftpng_structp', 'NN')
('pngwutilc', 'NN')
('register', 'NN')
('triplets', 'NNS')
('floating_point', 'JJ')
('utilities', 'NNS')
('filtering', 'VBG')
('illuminant', 'JJ')
('store_palette', 'NN')
('under', 'IN')
('gray->rgb', 'JJ')
('modifiers', 'NNS')
('md54', 'VBP')
('minus', 'NNS')
('issues', 'NNS')
('defaulted', 'VBD')
('transform_range_check', 'NN')
('loses', 'NNS')
('deinterlace', 'VBP')
('png_swap_bytes', 'NNS')
('understands', 'JJ')
('png_pass_start_rowpass', 'JJ')
('png-10', 'JJ')
('start_image', 'NN')
('arises', 'NNS')
('conform', 'VB')
('assigns', 'NNS')
('non-default', 'JJ')
('handler', 'NN')
('png_store', 'NN')
('tableiv', 'NN')
('starts', 'VBZ')
('column', 'NN')
('low-bit', 'JJ')
('stripunsafe', 'JJ')
('invariants', 'NNS')
('opposed', 'VBN')
('in_pixel', 'JJ')
('pre-multiplying', 'JJ')
('version_nn_nn_nn', 'NN')
('everything', 'NN')
('june', 'NN')
('encodings', 'NNS')
('colour_type', 'NN')
('harness', 'NN')
('elimination', 'NN')
('png_ptr->zstreammsg', 'JJ')
('png-sample', 'JJ')
('implementation', 'NN')
('png_pack', 'NN')
('permitted', 'VBD')
('indicating', 'VBG')
('thirty', 'NN')
('downloads', 'NNS')
('making', 'VBG')
('read_gray_to_rgb', 'JJ')
('license', 'NN')
('autovectorize', 'VB')
('logic', 'JJ')
('moved', 'VBN')
('block', 'NN')
('encoding_counter', 'NN')
('decompression', 'NN')
('fist', 'NN')
('pngwritec', 'NN')
('compile', 'NN')
('original_pp', 'NN')
('expect', 'VBP')
('read_splt', 'NN')
('contribtoolsintgammash', 'NN')
('png_fp_saw_dot', 'NN')
('established', 'VBD')
('accumulating', 'VBG')
('pngstest', 'JJS')
('iterate', 'JJ')
('strips', 'NNS')
('killed', 'VBN')
('vector', 'NN')
('production', 'NN')
('ordering', 'VBG')
('circular', 'JJ')
('read_errno', 'NN')
('semantics', 'NNS')
('buffer_init8', 'VBP')
('addresses', 'VBZ')
('generators', 'NNS')
('scale_16', 'JJ')
('heights', 'NNS')
('~x1', 'VBP')
('script', 'JJ')
('library', 'JJ')
('too-large', 'NN')
('--relaxed', 'NNP')
('_current', 'NNP')
('simplifying', 'VBG')
('stack', 'NN')
('chunk_init', 'NN')
('positives', 'VBZ')
('consider', 'VBP')
('conditioned', 'VBN')
('ggxx', 'NN')
('deduces', 'NNS')
('idat_list', 'VBP')
('respect', 'NN')
('counts', 'NNS')
('quoted', 'VBD')
('combo', 'JJ')
('given', 'VBN')
('structs', 'NNS')
('16-number_of_signifiant_bits', 'JJ')
('overflowing', 'VBG')
('divides', 'NNS')
('zlibh', 'IN')
('png_ptr->unknown_default', 'NN')
('recognized', 'VBN')
('storesave', 'VBP')
('crc32', 'NN')
('do_trns', 'NNS')
('backgroundalpha', 'VBP')
('generates', 'NNS')
('image_pixel', 'VBP')
('searched', 'VBN')
('manages', 'NNS')
('recorded', 'VBN')
('chunk_write', 'JJ')
('minimize', 'NN')
('leap', 'NN')
('introducing', 'VBG')
('benefit', 'JJ')
('blue-x', 'JJ')
('overritten', 'NN')
('worrying', 'VBG')
('coefficients_overridden', 'JJ')
('expression', 'NN')
('libpng_warning', 'VBG')
('unum', 'JJ')
('look', 'NN')
('sync_stream', 'NN')
('correspond', 'NN')
('handlingwarning', 'VBG')
('is_transparent', 'JJ')
('info_ptr->color_type', 'JJ')
('detection', 'NN')
('solution', 'NN')
('designed', 'VBN')
('desired', 'VBD')
('png_ptr->pass', 'NN')
('switched', 'VBD')
('gone', 'VBN')
('pngconfh', 'JJ')
('assumption', 'NN')
('interface', 'NN')
('leading', 'VBG')
('restart', 'JJ')
('re-chunking', 'JJ')
('circumstances', 'NNS')
('modification', 'NN')
('badpng', 'NN')
('beyond', 'IN')
('prevent', 'NN')
('png_use_read_macros', 'NN')
('png_start_row', 'VBP')
('zlibs', 'NN')
('jumps', 'NNS')
('abgr', 'VBP')
('trumps', 'NNS')
('input5', 'JJ')
('platform', 'NN')
('parsing', 'VBG')
('integrity-check', 'JJ')
('self', 'NN')
('>background', 'NN')
('segmented', 'VBD')
('png_default_claim', 'NN')
('slip', 'NN')
('execute', 'NN')
('human', 'JJ')
('maintainers', 'NNS')
('attempts', 'VBP')
('imagerow', 'JJ')
('logging', 'VBG')
('breaks', 'NNS')
('rare', 'JJ')
('architectures', 'NNS')
('quietuse', 'VBP')
('logarithm', 'JJ')
('adding', 'VBG')
('zconfh', 'NN')
('suffix', 'NN')
('profiledevice', 'NN')
('causing', 'VBG')
('improvement', 'NN')
('pending', 'VBG')
('suggests', 'NNS')
('corruption', 'NN')
('november', 'RB')
('read_16bit_supported', 'VBN')
('hexadecimal', 'JJ')
('chunky', 'NN')
('ensures', 'VBZ')
('log102', 'JJ')
('scale16', 'NN')
('grey', 'NNS')
('guaranteed', 'VBN')
('encode', 'VBP')
('ourselves', 'PRP')
('holds', 'VBZ')
('pixelsbytes', 'NNS')
('fast-and-inaccurate', 'JJ')
('closure', 'NN')
('owns', 'VBZ')
('read_expand_16', 'JJ')
('moving', 'VBG')
('ga-8', 'JJ')
('xyz096421008249', 'NNP')
('historic', 'JJ')
('rule', 'NN')
('libpng-108', 'JJ')
('distances', 'NNS')
('consistent', 'JJ')
('errorwarning', 'VBG')
('canceling', 'VBG')
('png_modifier', 'JJR')
('jmpbuf', 'NN')
('erroroverflow', 'IN')
('answers', 'NNS')
('mkstemp', 'VBP')
('mistake', 'VB')
('lengthtypedata_pos', 'JJ')
('`_epi8`', 'NNP')
('buffering', 'VBG')
('parallelize', 'JJ')
('exist', 'VBP')
('error_in_compose', 'JJ')
('function_name', 'NN')
('tie', 'NN')
('lengthen', 'VBZ')
('buffer_start_write', 'JJ')
('pngwioc', 'JJ')
('png-implement', 'JJ')
('pass>>1', 'NN')
('tries', 'NNS')
('sorted', 'VBD')
('layout', 'IN')
('powiv', 'NN')
('hewlett', 'NN')
('multiplication', 'NN')
('interval', 'NN')
('curve', 'VBP')
('overridden', 'JJ')
('worry', 'NN')
('giving', 'VBG')
('png_read_shift_supported', 'VBN')
('chunk_read', 'JJ')
('segment', 'NN')
('limitserrors', 'NNS')
('system', 'NN')
('ties', 'VBZ')
('fflush', 'JJ')
('strip', 'NN')
('original_rows', 'VBZ')
('takes', 'VBZ')
('two-pass', 'NN')
('summary', 'JJ')
('parser', 'NN')
('tidier', 'NN')
('forced', 'VBD')
('subtables', 'NNS')
('settings', 'NNS')
('corresponds', 'NNS')
('mimics', 'NNS')
('libpng_ver', 'RB')
('complement', 'JJ')
('filename', 'NN')
('the_exception_context', 'IN')
('conditioning', 'VBG')
('modifies', 'NNS')
('predicted', 'VBD')
('fail', 'JJ')
('devicelink', 'NN')
('piped', 'VBD')
('write_packswap', 'NN')
('exceeded', 'VBD')
('32-bits', 'CD')
('alignment', 'JJ')
('piece', 'NN')
('png_bgr', 'NN')
('feel', 'VB')
('rotate', 'JJ')
('idat_end', 'NN')
('profile_error', 'NN')
('decoding', 'VBG')
('store_progressive_read', 'JJ')
('introduction', 'NN')
('re-initializer', 'NN')
('narrower', 'NN')
('safes', 'NN')
('iso', 'NN')
('cross', 'NN')
('png_destroy_struct_2', 'NN')
('formatted', 'VBD')
('assert', 'JJ')
('terms', 'NNS')
('gamma_shift-1>', 'JJ')
('non-benign', 'JJ')
('inverts', 'NNS')
('situation', 'NN')
('inputoutput', 'NN')
('zeroes', 'NNS')
('validate', 'VBP')
('parse', 'JJ')
('whacking', 'VBG')
('rgba-16', 'JJ')
('expansions', 'NNS')
('png_image_pixel_component_sizefmtheightrow_stride', 'IN')
('max_length', 'NN')
('have_intent', 'NN')
('markers', 'NNS')
('innocent', 'JJ')
('formats', 'NNS')
('rgb->gray', 'JJ')
('get', 'NN')
('attacker', 'NN')
('ignorediscard', 'NN')
('file_bits', 'VBZ')
('blue-xblue-scale', 'JJ')
('determine', 'JJ')
('series', 'NN')
('command', 'NN')
('products', 'NNS')
('combine', 'VBP')
('obtain', 'VB')
('runn', 'JJ')
('png_filter_optimizations', 'NNS')
('error_in_premultiply', 'VBP')
('alpha_removed', 'VBN')
('standardized', 'VBN')
('through', 'IN')
('rfc1950', 'NN')
('recognition', 'NN')
('degree', 'NN')
('refer', 'NN')
('identifies', 'NNS')
('checksum', 'VBP')
('lets', 'NNS')
('broken', 'VBN')
('png_jmpbuf', 'JJ')
('indicate', 'JJ')
('non-composition', 'NN')
('recognizes', 'NNS')
('registered', 'VBD')
('warned', 'VBD')
('worthy', 'JJ')
('seeds', 'NNS')
('libpng-1611', 'JJ')
('difference', 'NN')
('rfc', 'NN')
('muldiv', 'NN')
('converted', 'VBD')
('syntax', 'JJ')
('itu-r', 'JJ')
('png_unexpected_zlib_return', 'NN')
('user_limits', 'NNS')
('folded', 'VBD')
('mathh', 'JJ')
('appends', 'NNS')
('intrapixel', 'JJ')
('represents', 'VBZ')
('inflate', 'JJ')
('debug', 'NNS')
('pnghn', 'JJ')
('bad_combo_list', 'JJ')
('libpng-126', 'NN')
('processed', 'VBD')
('as_default', 'NN')
('guest', 'NN')
('requirements', 'NNS')
('bitsettest', 'IN')
('porter-duff', 'JJ')
('colormaps', 'NNS')
('tells', 'VBZ')
('dither', 'JJ')
('opportunity', 'NN')
('illuminantadopted', 'VBN')
('chunkchunk_type', 'JJ')
('png_abort', 'NN')
('confusion', 'NN')
('wpass', 'NN')
('base_formats', 'NNS')
('b16c', 'VBP')
('although', 'IN')
('directtions', 'NNS')
('vlo-vhi12865535', 'JJ')
('png_fp_saw_sign', 'NN')
('pngc', 'NN')
('help', 'NN')
('breakage', 'VB')
('shift-32', 'JJ')
('environment', 'NN')
('optimizer', 'IN')
('pre-transform', 'JJ')
('goodpng', 'NN')
('about', 'IN')
('example', 'NN')
('quantization', 'NN')
('techniques', 'NNS')
('tristimulus', 'VBP')
('built', 'VBN')
('improved', 'JJ')
('absib', 'NN')
('ready_for_ztxt', 'NN')
('technique', 'NN')
('violate', 'JJ')
('blue-xgreen-scale', 'JJ')
('moment', 'NN')
('cases', 'NNS')
('intensity', 'NN')
('skipping', 'VBG')
('document', 'NN')
('do_compose', 'JJ')
('png_ptr->read_buffer', 'JJ')
('pp->read_filter', 'NN')
('globals', 'NNS')
('before', 'IN')
('png_structrow_fn', 'JJ')
('cksum', 'JJ')
('input-5', 'JJ')
('smashes', 'NNS')
('png_set_swappng_structrp', 'VBP')
('rgb_alpha', 'JJ')
('meant', 'NN')
('writiing', 'VBG')
('bundle', 'NN')
('pended', 'VBD')
('save_unknown_chunks', 'NNS')
('escape', 'VBP')
('triangle', 'JJ')
('set_shift', 'NN')
('srgb0', 'NNS')
('leave', 'VBP')
('insert', 'JJ')
('png_create_struct', 'NN')
('quicker', 'NN')
('controls', 'NNS')
('repeated', 'VBN')
('opacity', 'NN')
('pack', 'NN')
('contriblibtestspngvalidc', 'NN')
('wide-spread', 'JJ')
('expansion', 'NN')
('distinction', 'NN')
('feed', 'NN')
('complain', 'VBP')
('fake', 'JJ')
('reseed', 'NN')
('stealing', 'VBG')
('stray', 'JJ')
('optimized', 'VBN')
('png_set_quantizepng_structp', 'NN')
('log2dbl_maxlog2dbl_min', 'NN')
('attempt', 'NN')
('gammabackground_rgb_to_gray', 'NN')
('bugs', 'NNS')
('tolerance', 'NN')
('from_1', 'JJ')
('0-25', 'JJ')
('gpc_fnout_format', 'NN')
('rewrites', 'VBZ')
('meanings', 'NNS')
('forms', 'NNS')
('png_background_expand', 'VBP')
('a-za-z', 'JJ')
('removal', 'NN')
('damanged', 'VBD')
('input_sample', 'NN')
('presumed', 'JJ')
('delete', 'JJ')
('detect', 'NN')
('whiteopaque', 'NN')
('fine', 'JJ')
('z_sync_flush', 'NN')
('something', 'NN')
('pick', 'JJ')
('unpremultiply', 'JJ')
('stops', 'NNS')
('grayalpha', 'VBP')
('differencing', 'VBG')
('using', 'VBG')
('z_no_flush', 'JJ')
('libtool', 'NN')
('preserving', 'VBG')
('rearrange', 'NN')
('gnu', 'JJ')
('action', 'NN')
('png_set_invert_monopng_structrp', 'NN')
('scripts', 'NNS')
('transforming', 'VBG')
('low-order', 'NN')
('quantizing', 'VBG')
('png_scale_16_to_8', 'NN')
('programming', 'NN')
('faked', 'VBD')
('mediawhitepointtag', 'NN')
('named', 'VBN')
('standards', 'NNS')
('middle', 'VB')
('reallocates', 'NNS')
('boundaries', 'NNS')
('instructed', 'VBD')
('valuev', 'JJ')
('decide', 'RB')
('p_file', 'JJ')
('--dp', 'JJ')
('memory-specific', 'JJ')
('errorquit', 'NN')
('idat_reset', 'VBN')
('white-z', 'JJ')
('routines', 'NNS')
('mantissa', 'FW')
('content', 'JJ')
('trap', 'NN')
('sig_bits0', 'NN')
('awk', 'NN')
('g8b', 'NN')
('inverses', 'VBZ')
('png_set_rgb_to_gray_fixedpng_structp', 'JJ')
('assigned', 'VBN')
('libpng-155', 'JJ')
('scanner', 'NN')
('match', 'NN')
('padded', 'VBD')
('libpng-1243', 'JJ')
('resync', 'NN')
('representation', 'NN')
('ethernet', 'IN')
('non-zero', 'JJ')
('rfc1123', 'NN')
('initialized', 'VBN')
('reentered', 'VBD')
('png_compose', 'JJ')
('creating', 'VBG')
('negating', 'VBG')
('normalize', 'JJ')
('matches', 'NNS')
('identified', 'VBN')
('fills', 'NNS')
('write_srgb', 'JJ')
('misinterpretation', 'NN')
('side', 'NN')
('base_formatsin_format', 'NN')
('easy_access', 'NN')
('supported', 'VBD')
('candidate', 'JJ')
('adobe', 'NN')
('libpng-1412', 'JJ')
('make_size_images', 'NNS')
('happening', 'VBG')
('z_streammsg', 'JJ')
('read-ahead', 'JJ')
('saying', 'VBG')
('write_bgr', 'JJ')
('png_fp_exponext', 'JJ')
('instantiate', 'NN')
('interact', 'NN')
('setpos', 'NN')
('aliased', 'VBD')
('explicit', 'RB')
('cached', 'VBN')
('verify', 'NN')
('setup', 'NN')
('httpsgccgnuorgbugzillashow_bugcgiid66447', 'NN')
('png_store_file', 'IN')
('improving', 'VBG')
('harm', 'NN')
('subtract', 'NN')
('guiwindowing', 'VBG')
('green-cgreen-scale', 'JJ')
('differences', 'NNS')
('expand_16', 'VBP')
('sort', 'NN')
('order', 'NN')
('inflateinit2', 'NN')
('decompressed', 'VBD')
('png_pass_col_shiftpass', 'JJ')
('pool', 'NN')
('byte-by-byte', 'JJ')
('paeth', 'NN')
('for_background', 'NN')
('demand', 'NN')
('triples', 'VBZ')
('doing', 'VBG')
('sacrifice', 'JJ')
('strip-alpha-channel', 'JJ')
('ones', 'NNS')
('formed', 'VBN')
('achannels', 'NNS')
('rewriting', 'VBG')
('according', 'VBG')
('others', 'NNS')
('software', 'NN')
('gray_alpha', 'JJ')
('channel--perhaps', 'JJ')
('chunk-name', 'JJ')
('store_error', 'NN')
('white-x', 'JJ')
('02^31-1', 'JJ')
('knowledge', 'NN')
('inside', 'IN')
('tend', 'JJ')
('png_io_chunk_crc', 'NN')
('zstate', 'NN')
('appears', 'VBZ')
('decoder', 'JJ')
('preventing', 'VBG')
('subdivision', 'NN')
('delayed', 'VBN')
('cannot', 'NN')
('chunkname', 'NN')
('posix', 'JJ')
('break', 'NN')
('chunklen-4u-chunkpos', 'JJ')
('existing', 'VBG')
('png_ptr->trans_alpha', 'JJ')
('destroy', 'NN')
('null', 'NN')
('unpg', 'JJ')
('maxseg_64k', 'NN')
('inquiry', 'NN')
('reject', 'NN')
('png_read_scale_16_to_8_supported', 'VBD')
('sizeof', 'JJ')
('fesetround', 'NN')
('wants', 'VBZ')
('discourage', 'VB')
('give', 'JJ')
('selects', 'NNS')
('c99', 'VBP')
('assume_16_bit_calculations', 'NNS')
('shell', 'VBP')
('response', 'NN')
('trigger', 'NN')
('xoring', 'VBG')
('out_palette', 'JJ')
('vlo-vhi128', 'JJ')
('threw', 'NNS')
('urged', 'VBD')
('harder', 'RBR')
('in_use', 'IN')
('spectra', 'JJ')
('e-n', 'JJ')
('jump', 'NN')
('law', 'NN')
('max-1', 'NN')
('indicates', 'VBZ')
('multiply', 'RB')
('retain', 'JJ')
('debugging', 'VBG')
('configureac', 'NN')
('objects', 'NNS')
('bchannels', 'VBP')
('relationship', 'NN')
('arranged', 'VBN')
('cancelled', 'VBD')
('cb16', 'JJ')
('graphics', 'NNS')
('configuration', 'NN')
('interpolation', 'NN')
('handle_as_unknown', 'NN')
('considered', 'VBN')
('happens', 'VBZ')
('recovery', 'NN')
('accurate', 'NN')
('nbytes', 'VBZ')
('blue-yblue-scale', 'JJ')
('ifdefs', 'NNS')
('-05', 'JJ')
('consumer', 'NN')
('commented', 'VBD')
('derived', 'JJ')
('nonzero', 'NN')
('contriblibteststestpngsn', 'NN')
('minimum', 'JJ')
('unpack', 'JJ')
('sane', 'NN')
('requirement', 'NN')
('march', 'NN')
('above', 'IN')
('electronics', 'NNS')
('limits', 'NNS')
('standard_', 'VBP')
('pre-transforms', 'JJ')
('subsequent', 'JJ')
('nimages1', 'NN')
('unlink', 'NN')
('storing', 'VBG')
('initializer', 'JJ')
('terminal', 'JJ')
('generic', 'JJ')
('intermediate', 'JJ')
('write_png', 'NN')
('copyright', 'VBD')
('compute', 'JJ')
('constants', 'NNS')
('complexity', 'NN')
('v095', 'NN')
('suggested', 'VBD')
('png_debug_malloc', 'NN')
('encountered', 'VBD')
('re-use', 'JJ')
('interactions', 'NNS')
('convenient', 'JJ')
('increment', 'JJ')
('applying', 'VBG')
('v090', 'JJ')
('double-gamma-correction', 'NN')
('directlyn', 'NN')
('log2x257', 'FW')
('went', 'VBD')
('srgb14', 'NN')
('stifle', 'NN')
('modifying', 'VBG')
('re-allocs', 'JJ')
('rgb-8', 'JJ')
('lg2', 'NN')
('review', 'NN')
('inout', 'NN')
('corrupted', 'VBD')
('inc', 'JJ')
('p-c', 'JJ')
('simplify', 'NN')
('returned', 'VBD')
('httpsenwikipediaorgwikisrgb', 'JJ')
('bkgrnd', 'NN')
('dump', 'NN')
('quantities', 'NNS')
('sbits', 'VBZ')
('chopping', 'VBG')
('distinct', 'JJ')
('yes', 'NNS')
('helper', 'NN')
('created', 'VBD')
('backgrounds', 'NNS')
('signed', 'VBD')
('refers', 'NNS')
('extracted', 'VBD')
('c90', 'JJ')
('relative', 'JJ')
('verified', 'VBN')
('red_sbit', 'NN')
('prevented', 'VBD')
('hit', 'JJ')
('64-bit', 'JJ')
('booleans', 'NNS')
('validate_t', 'JJ')
('marker', 'NN')
('zlib_advance', 'NN')
('realloc', 'NN')
('lone', 'NN')
('defaultz_ok', 'NN')
('afterwards', 'NNS')
('log2', 'VBP')
('png_do_strip_filler', 'NN')
('do_interlace', 'NN')
('wild', 'JJ')
('reread', 'JJ')
('goto', 'NN')
('png_set_packingpng_structrp', 'NN')
('apis', 'NN')
('predicts', 'VBZ')
('warndiscard', 'RB')
('alter', 'RB')
('incremented', 'VBN')
('contain', 'NN')
('decrement', 'JJ')
('quiets', 'NNS')
('silent', 'JJ')
('diy', 'NN')
('someone', 'NN')
('sedgewick', 'NN')
('dll', 'NN')
('overwrite', 'JJ')
('expressions', 'NNS')
('fio21-cdonotcreatetemporaryfilesinshareddirectories', 'NNS')
('libpng-109beta03', 'JJ')
('reciprocals', 'NNS')
('discards', 'NNS')
('share', 'NN')
('transform_display', 'IN')
('off-by-one', 'JJ')
('secure', 'NN')
('png_max_gamma_8', 'JJ')
('mis-match', 'JJ')
('display->background', 'NN')
('copied', 'VBD')
('bigendian', 'JJ')
('anything', 'NN')
('invalidated', 'JJ')
('blue-c', 'JJ')
('gamma_display', 'NN')
('normalization', 'NN')
('touch', 'JJ')
('reference', 'NN')
('cie', 'NN')
('fixed_point', 'NN')
('out_ct', 'FW')
('frequent', 'JJ')
('png_fp_exponent', 'NN')
('excluding', 'VBG')
('documented', 'JJ')
('coefficients', 'NNS')
('clobbers', 'NNS')
('terminates', 'VBZ')
('registers', 'NNS')
('reallocation', 'NN')
('accumulaten', 'RB')
('below', 'IN')
('>green', 'JJ')
('e-mail', 'JJ')
('file_initcontrolfile', 'NN')
('png_skip_srgb_check_profile', 'NN')
('backgroundcomposite', 'JJ')
('depend', 'NN')
('exit', 'NN')
('written_file', 'NN')
('png_setjmp_supported', 'VBD')
('aim', 'JJ')
('xor', 'NNP')
('png_write_flush_supported', 'VBD')
('clever', 'JJ')
('seconds', 'NNS')
('advantage', 'JJ')
('lanes', 'NNS')
('skip_bad_crc', 'VBD')
('speed-up', 'JJ')
('flow', 'NN')
('incoming', 'VBG')
('accommodate', 'JJ')
('png_swap_alpha', 'NN')
('guidance', 'NN')
('assumptions', 'NNS')
('destroy_read_struct', 'VBP')
('compare', 'JJ')
('split', 'NN')
('deinterlacing', 'VBG')
('d->error_return', 'JJ')
('correctness', 'NN')
('strip_16', 'NN')
('variant', 'JJ')
('in-err', 'NN')
('misplaced', 'VBD')
('mallocs', 'JJ')
('_mm_avg_epu8', 'NNP')
('z_buf_error', 'NN')
('_supported', 'VBD')
('overriding', 'VBG')
('sources', 'NNS')
('hanging', 'VBG')
('png_fp_end', 'NN')
('packed', 'VBD')
('pm->assume_16_bit_calculations', 'NNS')
('classed', 'VBN')
('d65', 'NN')
('png_libpng_ver', 'NN')
('simplification', 'NN')
('integers', 'NNS')
('mac', 'VBP')
('libpng-107', 'JJ')
('front', 'NN')
('terminated', 'VBD')
('types', 'JJ')
('write-errno', 'JJ')
('pool->list', 'NN')
('permuting', 'NN')
('reflects', 'VBZ')
('pertain', 'JJ')
('exp_b10-1', 'JJ')
('removed', 'VBN')
('prototype', 'NN')
('extent', 'NN')
('prtr', 'NN')
('png_fp_saw_e', 'NN')
('defaults', 'NNS')
('png_read_packswap_supported', 'VBD')
('store_free', 'JJ')
('dispersion', 'NN')
('linearize', 'NN')
('runs', 'VBZ')
('warnings', 'NNS')
('resulting', 'VBG')
('arise', 'JJ')
('instability', 'NN')
('instantiated', 'VBD')
('members', 'NNS')
('compatibility', 'NN')
('ignoring', 'VBG')
('xyznumber', 'NNP')
('strings', 'NNS')
('--relaxes', 'NNP')
('exception', 'NN')
('redgreenbluexxyz', 'NN')
('buffered', 'VBD')
('libpng-099', 'JJ')
('allowing', 'VBG')
('followed', 'JJ')
('is_error', 'NN')
('icc_info', 'NN')
('succeeded', 'VBD')
('loaded', 'JJ')
('bogons', 'NNS')
('summarised', 'VBD')
('columns', 'JJ')
('p_linear', 'JJ')
('object', 'NN')
('stdio', 'NN')
('shorter', 'JJR')
('enable-arm-neon', 'JJ')
('per-chunk', 'NN')
('pngfixc', 'NN')
('masks', 'NNS')
('declarations', 'NNS')
('operate', 'VBP')
('insufficient', 'JJ')
('circumvents', 'NNS')
('skipped', 'VBD')
('non-interlacing', 'NN')
('decoded', 'VBD')
('mismatch', 'NN')
('ihdr', 'NN')
('comparisons', 'NNS')
('filelength', 'VBP')
('slows', 'VBZ')
('conforms', 'NNS')
('unset', 'JJ')
('show', 'VBP')
('holding', 'VBG')
('replication', 'NN')
('log2v255', 'NN')
('resulted', 'VBD')
('nothing', 'NN')
('restore', 'NN')
('applicationconfiguration', 'NN')
('reached', 'VBD')
('contribtoolschecksum-icc', 'JJ')
('primary', 'JJ')
('flushing', 'VBG')
('dot', 'JJ')
('constifies', 'NNS')
('want', 'VBP')
('encoded_sample', 'NN')
('corrected', 'VBN')
('experiment', 'NN')
('lost', 'VBN')
('meet', 'NN')
('gamut', 'NN')
('raising', 'VBG')
('destroyed', 'JJ')
('originating', 'VBG')
('treates', 'NNS')
('wwwcolororg', 'RB')
('hardwired', 'VBD')
('estimate', 'JJ')
('interpolate', 'NN')
('guard', 'NN')
('facility', 'NN')
('round', 'NN')
('adapted', 'VBD')
('trycatch', 'NN')
('listed', 'VBN')
('isnt', 'JJ')
('confusing', 'VBG')
('elements', 'NNS')
('catch', 'VB')
('meters', 'NNS')
('png_read_strip_alpha_supported', 'JJ')
('lacks', 'NNS')
('checked', 'VBD')
('pre-multiply', 'JJ')
('eliminate', 'NN')
('windows', 'NNS')
('differs', 'NNS')
('incorporate', 'VBP')
('componentalpha65535', 'JJ')
('ignores', 'NNS')
('preallocate', 'VBP')
('png_packswap', 'NN')
('slow', 'JJ')
('steps', 'NNS')
('converting', 'VBG')
('check_gamma', 'NN')
('accommodated', 'VBD')
('archived', 'JJ')
('inflatereset2', 'NN')
('stores', 'NNS')
('since', 'IN')
('inflatec', 'NN')
('introduce', 'NN')
('redgreenbluewhitexxy', 'NN')
('apparent', 'JJ')
('zlib_run', 'NN')
('png_expand_16', 'NN')
('gain', 'NN')
('implements', 'NNS')
('removing', 'VBG')
('separation', 'NN')
('worktime', 'FW')
('png_invert_mono', 'NN')
('messages', 'NNS')
('depthchannels', 'VBP')
('minimal', 'JJ')
('pngfixc18113', 'NN')
('outside', 'IN')
('crc_finish', 'JJ')
('set_packing', 'VBG')
('png_max_malloc_64k', 'NN')
('supports', 'NNS')
('png_read_interlacing_supported', 'VBD')
('levels', 'NNS')
('bits', 'NNS')
('persuade', 'VBP')
('bcpl', 'NN')
('detail', 'NN')
('accomplished', 'VBD')
('past', 'IN')
('handling', 'VBG')
('touchy', 'NN')
('algorithms', 'NN')
('gpr', 'NN')
('api', 'IN')
('discarding', 'VBG')
('possibility', 'NN')
('sse2', 'VBD')
('libpng-127', 'JJ')
('hill', 'NN')
('process_chunk', 'NN')
('made', 'VBD')
('getting', 'VBG')
('ten', 'JJ')
('pngprivh', 'JJ')
('in_digits1', 'NN')
('numerator', 'NN')
('chunkidat', 'JJ')
('extend', 'NN')
('provides', 'VBZ')
('optimizes', 'JJ')
('security', 'NN')
('logvalue255log2', 'NN')
('recalculate', 'NN')
('operations', 'NNS')
('adopted', 'VBD')
('assume', 'RB')
('confounded', 'VBN')
('xopen', 'JJ')
('guess', 'NN')
('combines', 'NNS')
('componentalpha', 'VBP')
('instantiating', 'VBG')
('nested', 'VBN')
('png_col_in_interlace_passx', 'NNS')
('behave', 'VBP')
('filenames', 'NNS')
('idmax', 'RB')
('png_read_alpha_mode_supported', 'VBD')
('horse', 'NN')
('thinks', 'NNS')
('performed', 'VBD')
('place', 'NN')
('avoids', 'NNS')
('decided', 'VBD')
('freeimage', 'NN')
('energy', 'NN')
('inverse', 'NN')
('rewrite', 'NN')
('consume', 'NN')
('png_convert_size', 'VBP')
('binary', 'JJ')
('magic', 'NN')
('glin', 'NN')
('set_modifier_for_read', 'VBD')
('follow', 'JJ')
('png_fp_state', 'NN')
('gcc_strict_overflow', 'NN')
('error_to_linear', 'VBP')
('combinatorial', 'JJ')
('trying', 'VBG')
('event', 'NN')
('png_write_flush_after_iend_supported', 'VBD')
('counter', 'JJR')
('chunk_type', 'NN')
('sent', 'VBD')
('attached', 'VBN')
('runtime', 'RB')
('simpler', 'JJ')
('fatal', 'JJ')
('remainder', 'NN')
('whereas', 'NNS')
('worked', 'VBD')
('bounds', 'NNS')
('variety', 'NN')
('dab2', 'VBP')
('max_bits', 'NNS')
('readings', 'NNS')
('interpreted', 'VBD')
('prophoto', 'NN')
('reversal', 'NN')
('executed', 'VBD')
('starting', 'VBG')
('lesser', 'JJR')
('color-y', 'JJ')
('per-file', 'JJ')
('mediocre', 'NN')
('png_read_background_supported', 'VBD')
('optimize_alpha', 'JJ')
('lengthtypepos', 'JJ')
('color-z', 'JJ')
('g^gamma', 'NN')
('unreset', 'JJ')
('tendency', 'NN')
('enabled', 'VBD')
('robinson', 'NN')
('overlaying', 'VBG')
('vision', 'NN')
('applied', 'VBN')
('relies', 'NNS')
('png_col_from_pass_colxin', 'VBP')
('accepts', 'NNS')
('png_read_expand_supported', 'VBN')
('cope', 'NN')
('marks', 'NNS')
('greyscale', 'JJ')
('octal', 'JJ')
('simplified_write_stdio', 'NN')
('round-trip', 'NN')
('error_via_linear', 'NN')
('reversed', 'VBD')
('intel', 'NN')
('opposite', 'JJ')
('log2value65535', 'JJ')
('destruction', 'NN')
('provided', 'VBD')
('deletes', 'NNS')
('copes', 'NNS')
('z_ok', 'VBP')
('leaves', 'VBZ')
('slack', 'JJ')
('poyntoncom', 'NN')
('outputs', 'NNS')
('png_read_start_image', 'NN')
('chromaticities', 'NNS')
('ability', 'NN')
('too-far-back', 'JJ')
('emit', 'NN')
('idat_listcount', 'NN')
('theory', 'NN')
('funky', 'NN')
('maxpc16', 'NN')
('detects', 'VBZ')
('advice', 'NN')
('requested', 'VBD')
('convenience', 'NN')
('lay', 'NN')
('character', 'NN')
('understand', 'NN')
('breakpoints', 'NNS')
('repeat', 'VBP')
('interpretation', 'NN')
('produces', 'VBZ')
('write_customize_ztxt_compression', 'NN')
('truncation', 'NN')
('initialize', 'VB')
('initializations', 'NNS')
('taps', 'NNS')
('png_read_rgb_to_gray_supported', 'VBD')
('pngtestpng', 'RB')
('png_read_filler_supported', 'VBN')
('png_simplified_write_supported', 'JJ')
('-19', 'NN')
('outrowc', 'NN')
('forces', 'NNS')
('aed', 'VBP')
('png_flag_detect_uninitialized', 'VBN')
('obtained', 'JJ')
('prefixsuffix', 'NN')
('aspects', 'NNS')
('writer', 'VBP')
('printf', 'JJ')
('ideal', 'NN')
('act', 'NN')
('finer', 'NN')
('skips', 'NNS')
('png_read_unknown_chunks_supported', 'VBD')
('write_interlacing', 'VBG')
('bitspixel', 'JJ')
('way', 'NN')
('fails', 'VBZ')
('store_memory', 'JJ')
('reflect', 'JJ')
('direction', 'NN')
('dropped', 'VBD')
('numbers', 'NNS')
('reuse', 'VBP')
('riffled', 'VBN')
('narrowing', 'JJ')
('ztxtitxt', 'NN')
('optimizations', 'NNS')
('listssfnet', 'VBP')
('write_main', 'VBP')
('read_filler', 'JJ')
('read-errno', 'JJ')
('colour', 'NN')
('prints', 'NNS')
('incremental', 'JJ')
('building', 'NN')
('while', 'IN')
('roundv', 'NN')
('grayscalergb', 'NNS')
('correct', 'JJ')
('copies', 'NNS')
('chunk-type', 'JJ')
('choose', 'JJ')
('root-mean-square', 'JJ')
('expands', 'NNS')
('png_set_swap_alphapng_structrp', 'JJ')
('non-overflowing', 'JJ')
('fix-up', 'JJ')
('png_idat', 'NN')
('assurance', 'NN')
('datainput_size', 'VB')
('andreas', 'NNS')
('expressed', 'VBN')
('png_rowbytes', 'NNS')
('messy', 'VBP')
('inability', 'NN')
('establish', 'VB')
('n_digits', 'NNS')
('problems', 'NNS')
('caused', 'VBD')
('colours', 'NNS')
('sgp', 'JJ')
('claims', 'NNS')
('calculation', 'NN')
('whether', 'IN')
('cover', 'NN')
('twos', 'NN')
('hex', 'JJ')
('stop', 'JJ')
('bit-33', 'NN')
('attempted', 'VBD')
('restrictions', 'NNS')
('latin', 'JJ')
('obscure', 'JJ')
('quick', 'JJ')
('verifies', 'NNS')
('freed', 'VBP')
('somehow', 'RB')
('png_write_optimize_cmf_supported', 'VBN')
('areas', 'NNS')
('observer', 'IN')
('overhead', 'JJ')
('png_gray_to_rgb', 'NN')
('user_transform_info', 'JJ')
('control_init', 'JJ')
('srgbhdtvitu-rec', 'JJ')
('info->num_palette', 'NN')
('reaches', 'NNS')
('clean', 'JJ')
('octet', 'IN')
('color-scale', 'JJ')
('limitations', 'NNS')
('color-map', 'JJ')
('libpng-1220', 'JJ')
('nail', 'NN')
('byte-swap', 'NN')
('configh', 'JJ')
('specification', 'NN')
('area', 'NN')
('along', 'IN')
('advance', 'NN')
('es_loes_hi', 'NN')
('atob0', 'IN')
('input-5input5', 'JJ')
('randomizer', 'NN')
('mass', 'NN')
('specified', 'VBD')
('scales', 'NNS')
('agrees', 'VBZ')
('digitzed', 'JJ')
('studio', 'NN')
('scaling', 'VBG')
('defer', 'JJ')
('increase', 'NN')
('extract', 'NN')
('frame', 'JJ')
('summaries', 'NNS')
('gained', 'VBD')
('jmpbuf_size', 'JJ')
('bitshigh', 'JJ')
('luminance', 'NN')
('preceding', 'VBG')
('optimization', 'NN')
('account', 'NN')
('chromaticity', 'NN')
('read_ip', 'VBP')
('partial-alpha', 'NN')
('commoned', 'VBD')
('pngtest_timing', 'VBG')
('build', 'NN')
('adam7yx', 'JJ')
('position', 'NN')
('absig', 'IN')
('cache', 'NN')
('msgi', 'NN')
('violates', 'VBZ')
('termination', 'NN')
('monitor', 'NN')
('verbatim', 'NN')
('alpha05', 'NN')
('srgb_to_d', 'NN')
('solve', 'VB')
('merge', 'NN')
('xin', 'NNP')
('isbitmax', 'NN')
('included', 'VBD')
('configure', 'JJ')
('png-fix-itxtc', 'JJ')
('lots', 'NNS')
('redgray', 'NN')
('decompress', 'RB')
('agree', 'JJ')
('development', 'NN')
('a<baba>b', 'NN')
('excess', 'JJ')
('mean', 'JJ')
('err_action', 'NN')
('published', 'VBN')
('coverity', 'NN')
('adam7', 'NN')
('png_{getset}_unknown_chunks', 'NNS')
('correction', 'NN')
('digitization', 'NN')
('unsetinvalidonoff', 'IN')
('png_size_max', 'NNS')
('exceed', 'VBP')
('part2', 'JJ')
('cinfo', 'JJ')
('performance', 'NN')
('pngapi', 'NN')
('edited', 'VBD')
('asking', 'VBG')
('protected', 'VBN')
('mapping', 'VBG')
('super-class', 'NN')
('epsilon', 'NN')
('knuth', 'NN')
('dos', 'NN')
('cleaned', 'VBD')
('shared', 'VBN')
('write_trns', 'NNS')
('trojan', 'VB')
('crash', 'JJ')
('low-bit-depth', 'JJ')
('reset', 'NN')
('test_uses_encodings', 'NNS')
('translation', 'NN')
('completed', 'VBN')
('pair', 'NN')
('png_set_gray_1_2_4_to_8', 'NN')
('deleting', 'VBG')
('tracking', 'VBG')
('intervening', 'VBG')
('png_flag_mng_filter_64', 'JJ')
('bckc', 'NN')
('atimes', 'NNS')
('store_log', 'VBP')
('uarb_div10', 'JJ')
('retrieve', 'VBP')
('z_null', 'NN')
('stdarg', 'NN')
('make_standard', 'NN')
('matching', 'VBG')
('interferes', 'NNS')
('typedef', 'JJ')
('randomized', 'VBN')
('png_read_invert_mono_supported', 'JJ')
('set_expand', 'NN')
('supply', 'NN')
('file_init', 'NN')
('examplec', 'JJ')
('satisfactory', 'JJ')
('allocation', 'NN')
('read_int_functions', 'NNS')
('pre-160', 'JJ')
('modifier_reset', 'NN')
('harmless', 'NN')
('preference', 'NN')
('tends', 'VBZ')
('tile', 'JJ')
('png_set_backgroundpng_structp', 'JJ')
('de-interlacing', 'NN')
('unless', 'IN')
('chooses', 'NNS')
('path', 'JJ')
('failures', 'NNS')
('trim', 'JJ')
('acts', 'NNS')
('described', 'VBD')
('forbids', 'NNS')
('said', 'VBD')
('adjacent', 'JJ')
('local_use', 'NN')
('use_update_info', 'JJ')
('outmax', 'NN')
('expecting', 'VBG')
('<httpwwwpoyntoncomnotescolour_and_gamma>', 'NNP')
('undo', 'JJ')
('input_memory', 'NN')
('notreached', 'VBD')
('generator', 'JJ')
('things', 'NNS')
('insists', 'VBZ')
('eliminates', 'NNS')
('stripped', 'VBD')
('alpha_optimized', 'JJ')
('cleanup', 'NN')
('occurred', 'VBD')
('slots', 'NNS')
('restored', 'VBN')
('info_image', 'JJ')
('sensitivity', 'NN')
('speed', 'NN')
('pixel-wise', 'JJ')
('passfail', 'JJ')
('quarter', 'NN')
('drops', 'NNS')
('plte', 'VBP')
('deduce', 'VB')
('blue-ygreen-scale', 'JJ')
('ups', 'NNS')
('subtracting', 'VBG')
('plane', 'NN')
('disclaimern', 'JJ')
('bytestag', 'JJ')
('bytewise', 'NN')
('blue-ywhite-scale', 'JJ')
('_fixed', 'NNP')
('serialized', 'VBD')
('fixme', 'JJ')
('png_ptr->rgb_to_gray_blue_coeff', 'JJ')
('unpc', 'JJ')
('red-xred-scale', 'JJ')
('part', 'NN')
('names', 'NNS')
('png_background', 'VBP')
('lengths', 'JJ')
('wrap', 'NN')
('wraps', 'NNS')
('validating', 'VBG')
('required', 'JJ')
('cost', 'NN')
('going', 'VBG')
('pcs', 'NNS')
('quieted', 'VBD')
('crashed', 'VBN')
('presented', 'VBN')
('amend', 'JJ')
('grab', 'NN')
('encapsulates', 'VBZ')
('read_gamma', 'VBP')
('filetype', 'JJ')
('write_customize_compression', 'NN')
('xxrrggbb', 'NNP')
('drop', 'NN')
('noise', 'NN')
('evil', 'JJ')
('locals', 'NNS')
('warningerror', 'VBP')
('allocations', 'NNS')
('disk', 'VBP')
('reach', 'VBP')
('png_filler_before', 'RB')
('scale', 'JJ')
('termed', 'VBD')
('model', 'NN')
('betas', 'NNS')
('maintain', 'VBP')
('means', 'NNS')
('set_store_for_read', 'JJ')
('detected', 'VBD')
('red-y', 'JJ')
('symmetric', 'JJ')
('shifts', 'NNS')
('egg', 'VBP')
('value5', 'JJ')
('apps', 'NN')
('png_user_mem_supported', 'VBD')
('destroys', 'NNS')
('reused', 'VBN')
('png_expand_trns', 'NNS')
('mismatches', 'NNS')
('consistency', 'NN')
('with', 'IN')
('keeping', 'VBG')
('absent', 'JJ')
('scaled', 'VBN')
('power-law', 'NN')
('restriction', 'NN')
('fixup', 'NN')
('png_handle_as_unknown_supported', 'VBD')
('no_change', 'NN')
('ended', 'VBN')
('safety', 'NN')
('run-time', 'JJ')
('hope', 'NN')
('turned', 'VBD')
('looked', 'JJ')
('9-bit', 'JJ')
('ansi-c90', 'JJ')
('green-zgreen-scale', 'JJ')
('validunknown{beforeafter}', 'NN')
('contrast', 'NN')
('safer', 'VBP')
('search', 'NN')
('clause', 'NN')
('png_handle_chunk_as_default', 'NN')
('logpixel', 'JJ')
('amounts', 'NNS')
('tell', 'VBP')
('writes', 'VBZ')
('png_filler', 'NN')
('overlap', 'JJ')
('adjustment', 'NN')
('maxin_digits12', 'NN')
('convention', 'NN')
('switch', 'VB')
('write_memory', 'NN')
('import', 'NN')
('linearized', 'VBD')
('provoke', 'JJ')
('gpc_', 'NN')
('reasons', 'NNS')
('upon', 'IN')
('truncates', 'NNS')
('filestatus_code', 'VBP')
('discontinuity', 'NN')
('inserting', 'VBG')
('isolate', 'JJ')
('gamma122', 'NNS')
('weed', 'VBP')
('exclude', 'VBP')
('>screen', 'JJ')
('z_finish', 'JJ')
('bug', 'NN')
('caveat', 'NN')
('configured', 'VBD')
('assumed', 'VBN')
('png_read_gamma_supported', 'JJ')
('set_unknown_chunks', 'NNS')
('8-bit', 'JJ')
('behaves', 'NNS')
('row_init', 'JJ')
('increments', 'NNS')
('red-c', 'JJ')
('file->type', 'JJ')
('error_to_linear_grayscale', 'NN')
('recording', 'VBG')
('art', 'NN')
('specifies', 'NNS')
('allows', 'VBZ')
('narrow', 'JJ')
('bits-per-pixel', 'JJ')
('can_write_interlace', 'NN')
('zlib_vernum', 'NN')
('re-ordering', 'JJ')
('packard', 'NN')
('provide', 'IN')
('image->opts', 'JJ')
('decision', 'NN')
('compositing', 'VBG')
('usage', 'JJ')
('fraction', 'NN')
('compacted', 'VBD')
('min_bits', 'NNS')
('believe', 'VBP')
('>38149', 'NN')
('added', 'VBD')
('expanded', 'VBN')
('spread', 'NN')
('data_size262', 'NN')
('enter', 'NN')
('store_mark', 'NN')
('alters', 'NNS')
('intersection', 'VBP')
('memory_free', 'JJ')
('remove', 'VB')
('decrease', 'NN')
('sizes', 'NNS')
('z_stream_end', 'VBP')
('decompressing', 'VBG')
('frames', 'NNS')
('64-bits', 'JJ')
('iend', 'NN')
('handlers', 'NNS')
('setjmp', 'VBP')
('notice', 'RB')
('copying', 'VBG')
('permit', 'NN')
('co-exist', 'JJ')
('force', 'NN')
('tables', 'NNS')
('ids', 'NNS')
('todo', 'VBP')
('chunk_length8chunk_length11', 'JJ')
('out-of-buffer', 'JJ')
('equality', 'NN')
('ownership', 'NN')
('read_chunk', 'NN')
('deallocated', 'VBD')
('chunkpos', 'JJ')
('b^gamma', 'JJ')
('initialization', 'NN')
('increased', 'VBD')
('fractions', 'NNS')
('infinite', 'JJ')
('remaining_space', 'NN')
('understood', 'JJ')
('implement', 'JJ')
('pre-106', 'JJ')
('carries', 'VBZ')
('farthest', 'JJS')
('seems', 'VBZ')
('come', 'JJ')
('__cplusplus', 'IN')
('positioning', 'VBG')
('drift', 'NN')
('taking', 'VBG')
('png_div51gray', 'JJ')
('inverting', 'VBG')
('green-ygreen-scale', 'JJ')
('8-gamma_shift', 'JJ')
('emit_stringstrerrorerrno', 'NN')
('b-ca-c', 'JJ')
('png_srgb_from_linear', 'JJ')
('datastream', 'NN')
('deflatebound', 'NN')
('triggers', 'NNS')
('disappear', 'VBP')
('people', 'NNS')
('png_read_swap_alpha_supported', 'VBD')
('sub-sample', 'JJ')
('cut', 'NN')
('that', 'WDT')
('cpu', 'VBP')
('precise', 'JJ')
('equation', 'NN')
('trip', 'NN')
('reverses', 'VBZ')
('eof', 'RB')
('read_file', 'JJ')
('store_malloc', 'NN')
('floor', 'NN')
('loaders', 'NNS')
('hold', 'VBP')
('proceeding', 'VBG')
('overrides', 'NNS')
('determined', 'VBD')
('needed', 'VBN')
('bitcolor', 'NN')
('factors', 'NNS')
('png_div51value', 'VBP')
('green-y', 'JJ')
('ignored', 'VBN')
('flagged', 'JJ')
('arent', 'JJ')
('blue-cblue-scale', 'JJ')
('switches', 'NNS')
('png-mng-implement', 'JJ')
('rewrite_offset', 'NN')
('constructed', 'VBD')
('leaving', 'VBG')
('p-a', 'JJ')
('png_set_packswappng_structrp', 'NN')
('cause', 'NN')
('convoluted', 'VBD')
('mentioned', 'JJ')
('channelscomponents', 'NNS')
('issuing', 'VBG')
('consumed', 'VBD')
('sorting', 'VBG')
('adler32', 'JJ')
('antidote', 'JJ')
('article', 'NN')
('meaningless', 'NN')
('closest', 'NN')
('png_mng_features_supported', 'VBN')
('programs', 'NNS')
('compiled', 'VBD')
('kind', 'NN')
('read_shift', 'NN')
('absolute', 'JJ')
('re-read', 'JJ')
('site', 'NN')
('alternative', 'JJ')
('swallow', 'JJ')
('extra_bytes', 'VBZ')
('ints', 'NNS')
('compounds', 'VBZ')
('via', 'IN')
('use_compile_time_masks', 'JJ')
('hiding', 'NN')
('png_read_16_to_8_supported', 'VBN')
('executes', 'NNS')
('conversions', 'NNS')
('contains', 'NNS')
('constraint', 'VBP')
('trailer', 'NN')
('png_fp_1', 'NN')
('ab-c', 'JJ')
('reserved', 'VBD')
('gnuc', 'JJ')
('reinvent', 'NN')
('multiplier', 'NN')
('let', 'VBD')
('overwriting', 'VBG')
('png_ptr->transformations', 'NNS')
('problem', 'NN')
('png_shift', 'NN')
('libpng-106g', 'NN')
('abandoned', 'VBD')
('builds', 'NNS')
('xy->whitey', 'JJ')
('rest', 'NN')
('wider', 'NN')
('pnglibconfh', 'IN')
('4-bit', 'JJ')
('z_const', 'NN')
('kbytes', 'VBZ')
('png_set_bgrpng_structrp', 'JJ')
('argv0', 'JJ')
('dont', 'NN')
('top', 'NN')
('decompose', 'NN')
('keywod', 'NN')
('idat_len', 'NN')
('abse', 'JJ')
('pngsetc', 'NN')
('black-compensation', 'NN')
('after', 'IN')
('tests', 'NNS')
('aborts', 'NNS')
('reversing', 'VBG')
('fallthrough', 'JJ')
('degrade', 'NN')
('reading', 'VBG')
('timing', 'VBG')
('packing', 'VBG')
('alpha257', 'JJ')
('transform_widthpp', 'NN')
('~png_rgb_to_gray', 'NN')
('experiences', 'NNS')
('uarb', 'JJ')
('store_message', 'JJ')
('white-xwhite-y', 'JJ')
('design', 'NN')
('white-ywhite-y', 'JJ')
('write_optimize_cmf', 'NN')
('needs', 'VBZ')
('row_info->bit_depth', 'JJ')
('deflateinit2', 'NN')
('write_compressed_text', 'NN')
('pngvalid', 'NN')
('compressseduncompressed', 'VBD')
('operationspixel', 'JJ')
('uses', 'NNS')
('overflowed', 'VBD')
('attempting', 'VBG')
('wacky', 'JJ')
('dijkstra', 'JJ')
('saving', 'VBG')
('faster', 'RBR')
('cube', 'JJ')
('png_use_compile_time_masks', 'NNS')
('favoring', 'VBG')
('contained', 'VBN')
('whenever', 'WRB')
('bit_width', 'JJ')
('formula', 'NN')
('opted', 'VBD')
('colorants', 'NNS')
('led', 'VBN')
('fread', 'JJ')
('date', 'NN')
('z_default_strategy', 'NN')
('back-pointer', 'JJ')
('safe-to-copy', 'JJ')
('indexed', 'JJ')
('enquiry', 'NN')
('versions', 'NNS')
('looking', 'VBG')
('calculate', 'NN')
('<option>{on|off}', 'NN')
('random', 'NN')
('inaccurate', 'JJ')
('distribute', 'NN')
('fixes', 'NNS')
('tricky', 'JJ')
('zlib_control', 'NN')
('png_read_expand_16_supported', 'VBD')
('does', 'VBZ')
('colorxcolor-y', 'JJ')
('nul', 'JJ')
('use_input_precision', 'NN')
('transfer', 'NN')
('lines', 'NNS')
('cexcepth', 'RB')
('indicated', 'VBD')
('gb16', 'JJ')
('p-b', 'JJ')
('ga-16', 'JJ')
('capabilities', 'NNS')
('log', 'VBP')
('blue-yred-x', 'JJ')
('overwrote', 'NN')
('per', 'IN')
('computational', 'JJ')
('spaces', 'NNS')
('vhi', 'VBP')
('cygwin', 'JJ')
('nmcl', 'JJ')
('inexact', 'NN')
('png_cmap_rgb', 'NN')
('png_interlace', 'NN')
('approach', 'NN')
('benign', 'JJ')
('>keep', 'JJ')
('causes', 'NNS')
('imagemagick', 'VBP')
('needing', 'VBG')
('critique', 'NN')
('select', 'NN')
('avoiding', 'VBG')
('zlibdeflate', 'JJ')
('gray-to-rgb', 'JJ')
('cheap', 'JJ')
('sse', 'NN')
('replaced', 'VBD')
('achieve', 'JJ')
('branches', 'NNS')
('end-points', 'NNS')
('declared', 'VBD')
('report', 'NN')
('utility', 'NN')
('manner', 'RB')
('48-bit', 'JJ')
('blue-xwhite-scale', 'NN')
('addressed', 'VBD')
('predictor', 'NN')
('exact', 'JJ')
('deallocation', 'NN')
('blocks', 'NNS')
('damaged', 'VBN')
('png_read_gray_to_rgb_supported', 'VBD')
('expanding', 'VBG')
('reverse', 'NN')
('overflows', 'NNS')
('applications', 'NNS')
('median', 'JJ')
('replicates', 'NNS')
('abuse', 'IN')
('store_pool_delete', 'JJ')
('premultiplication', 'NN')
('blue-yred-scale', 'JJ')
('latter', 'NN')
('ask', 'NN')
('nnnn', 'IN')
('internationalized', 'VBN')
('occur', 'NN')
('error_to_srgb', 'NN')
('introduced', 'VBN')
('overwrites', 'NNS')
('user_mem', 'JJ')
('z-rc', 'JJ')
('-165535', 'NN')
('demonstrate', 'NN')
('apply', 'NN')
('name5', 'JJ')
('perror', 'NN')
('macro', 'NN')
('stress', 'NN')
('work-around', 'JJ')
('reduce', 'VB')
('margin', 'NN')
('memcpy', 'NN')
('b32768', 'NN')
('rgbxxx', 'NN')
('png_rgb_to_gray', 'JJ')
('standard', 'NN')
('zeroed', 'NN')
('inherent', 'JJ')
('acquire', 'VB')
('printed', 'VBN')
('reacked', 'JJ')
('inter-row', 'JJ')
('16-bits', 'NNS')
('standard_display', 'NN')
('implemented', 'VBN')
('recover', 'RB')
('backdoor', 'JJ')
('poyntons', 'NNS')
('m<<24', 'VBP')
('contribtoolsmakesrgbc', 'NN')
('goes', 'VBZ')
('occurs', 'IN')
('fast', 'RB')
('png_ptr->trans_alphai', 'JJ')
('adds', 'VBZ')
('buffers', 'NNS')
('produced', 'VBD')
('separated', 'JJ')
('seem', 'JJ')
('implicit', 'JJ')
('include', 'VBP')
('png_libpng_ver_string', 'VBG')
('endpoints', 'NNS')
('claim', 'VBP')
('composting', 'VBG')
('dominate', 'NN')
('profiles', 'NNS')
('alpha_mode', 'VBP')
('indices', 'NNS')
('info_iccp', 'VBP')
('continues', 'VBZ')
('scnr', 'NN')
('evaluated', 'VBD')
('request', 'NN')
('configurations', 'NNS')
('missing', 'VBG')
('light', 'NN')
('until', 'IN')
('lot', 'NN')
('png_set_rgb_to_graypng_structp', 'NNS')
('axis', 'VBP')
('total_length', 'NN')
('affect', 'NN')
('modified', 'VBD')
('send', 'JJ')
('rgb193193193', 'NN')
('expects', 'VBZ')
('records', 'NNS')
('edit', 'NN')
('fmt', 'VBP')
('color-c', 'JJ')
('forbidden', 'JJ')
('pngrutilc', 'NN')
('calling', 'VBG')
('documentation', 'NN')
('meaningful', 'JJ')
('channels-1', 'JJ')
('consists', 'NNS')
('did', 'VBD')
('png_make_ga_colormap', 'JJ')
('conditions', 'NNS')
('zeros', 'VBP')
('no-op', 'JJ')
('g-16', 'JJ')
('quartets', 'NNS')
('choice', 'NN')
('becomes', 'VBZ')
('png_ptr->output_flush_fn', 'JJ')
('png_ptr->rowbytes', 'NNS')
('image_bytes', 'NNS')
('style', 'NN')
('aborting', 'VBG')
('alphatransparency', 'NN')
('maxabs', 'NN')
('approximations', 'NNS')
('ceil100000327672', 'VBP')
('selected', 'VBN')
('transparencytrns', 'NNS')
('idat_pos', 'JJ')
('applies', 'NNS')
('png_ptr->jmp_buf_ptr', 'JJ')
('sbitsbit', 'NN')
('finds', 'VBZ')
('checks', 'NNS')
('r^g', 'VBP')
('sized', 'VBN')
('discover', 'RB')
('beginning', 'VBG')
('linked-list', 'JJ')
('dots', 'NNS')
('ok_bits', 'VBZ')
('byte-swaps', 'JJ')
('bypasses', 'NNS')
('png_intel_sse_implementation', 'NN')
('avoid', 'VBP')
('namedcolor', 'JJ')
('persist', 'JJ')
('floorvlo-vhi', 'JJ')
('produce', 'NN')
('read_crc', 'NN')
('cse', 'NN')
('flevel', 'NN')
('wrapped', 'VBD')
('valie', 'JJ')
('capability', 'NN')
('rebuild', 'NN')
('accuracies', 'NNS')
('validation', 'VBP')
('blue-xred-scale', 'JJ')
('extreme', 'NN')
('rounding', 'VBG')
('coeffcients', 'NNS')
('image_width', 'JJ')
('enumerate', 'JJ')
('functionarg', 'NN')
('libng-1510', 'JJ')
('obey', 'NN')
('adjusting', 'VBG')
('seen', 'VBN')
('png_handle_chunk_if_safe', 'JJ')
('asks', 'NNS')
('bomb', 'VBP')
('read_png', 'VB')
('failed', 'JJ')
('sets', 'NNS')
('presence', 'NN')
('resultant', 'NN')
('producing', 'VBG')
('startup', 'JJ')
('precedence', 'NN')
('property', 'NN')
('png_errorpng_ptr', 'NN')
('representing', 'VBG')
('derivatives', 'NNS')
('source', 'NN')
('simplified', 'VBN')
('distribution', 'NN')
('trash', 'NN')
('humans', 'NNS')
('g-8', 'JJ')
('transmission', 'NN')
('floorvalue', 'NN')
('develop', 'VB')
('reporting', 'VBG')
('users', 'NNS')
('myfile', 'VBP')
('indexes', 'NNS')
('png_info_idat', 'RB')
('squared', 'VBD')
('idhr', 'JJ')
('pre-built', 'JJ')
('colormapped', 'JJ')
('fashion', 'NN')
('discarded', 'VBD')
('allocates', 'NNS')
('digitize', 'VBP')
('relevant', 'JJ')
('succeeds', 'VBZ')
('facilitate', 'JJ')
('chunkoverhead', 'JJ')
('simple', 'JJ')
('sure', 'JJ')
('png_div51alpha', 'NN')
('read_quantize', 'NN')
('colorant', 'JJ')
('error_to_srgb_grayscale', 'JJ')
('readwrite', 'NN')
('interrupted', 'VBN')
('suggest', 'VBP')
('based', 'VBN')
('substitution', 'NN')
('please', 'NN')
('unpacks', 'NNS')
('premultiply', 'RB')
('accumulated', 'VBD')
('whines', 'NNS')
('passing', 'VBG')
('flushed', 'JJ')
('poynton', 'NN')
('gray-scale', 'NN')
('turns', 'VBZ')
('fillers', 'NNS')
('dependent', 'JJ')
('compile-time', 'JJ')
('@<number>', 'NN')
('dbl_max', 'NN')
('read_user_chunks_supported', 'VBD')
('compressions', 'NNS')
('exponents', 'NNS')
('gamma_shiftiv', 'JJ')
('returns', 'NNS')
('lengthchunk-name', 'JJ')
('division', 'NN')
('png_handle_alpha', 'IN')
('pab-c', 'JJ')
('filling', 'NN')
('enforces', 'NNS')
('complements', 'NNS')
('horowitz', 'VBP')
('standard_row', 'JJ')
('extension', 'NN')
('integer', 'NN')
('bt709-3', 'JJ')
('powoutg', 'NN')
('running', 'VBG')
('hinc', 'JJ')
('intcoefficient', 'NN')
('tail', 'NN')
('files', 'NNS')
('log2bit_depth', 'VBP')
('frexp', 'JJ')
('permits', 'NNS')
('png_write_interlacing_supported', 'VBN')
('time_rfc1123', 'JJ')
('oops', 'NNS')
('compares', 'VBZ')
('chunk_data_pos', 'JJ')
('header', 'NN')
('align', 'NN')
('incomplete', 'JJ')
('unique', 'JJ')
('gamma_shift><n1', 'NN')
('points', 'NNS')
('malloced', 'VBD')
('ensure', 'VB')
('halt', 'NN')
('mis', 'NN')
('remains', 'VBZ')
('digitizes', 'JJ')
('sharing', 'VBG')
('overruns', 'RP')
('triggering', 'VBG')
('appropriate', 'JJ')
('gives', 'VBZ')
('claw', 'NN')
('reduces', 'NNS')
('treated', 'VBD')
('end1', 'JJ')
('fixing', 'VBG')
('correspnding', 'VBG')
('generated', 'VBN')
('danger', 'NN')
('cleared', 'VBD')
('inches', 'NNS')
('gpc', 'JJ')
('built-in', 'JJ')
('samplemaxsample', 'NN')
('claimed', 'VBD')
('fault', 'NN')
('shifting', 'VBG')
('combining', 'VBG')
('leads', 'NNS')
('transparency', 'NN')
('pointed', 'VBD')
('png_read_swap_supported', 'JJ')
('back-door', 'NN')
('details', 'NNS')
('decimal', 'JJ')
('use-input-precision', 'JJ')
('shifted', 'VBN')
('b16g', 'NN')
('enforce', 'NN')
('supplies', 'NNS')
('passed', 'VBD')
('truefalse', 'JJ')
('grayscale-no-alpha', 'JJ')
('displayed', 'VBN')
('png_max_error_text', 'JJ')
('rewritten', 'NN')
('candidates', 'NNS')
('signal', 'JJ')
('purposes', 'NNS')
('true-color', 'JJ')
('theres', 'NNS')
('cprt', 'VBP')
('strerror', 'JJ')
('predictive', 'JJ')
('green-scale', 'JJ')
('defines', 'NNS')
('contribute', 'VBP')
('png_ptr->chunk_name', 'JJ')
('widens', 'NNS')
('representations', 'NNS')
('subtracted', 'VBD')
('s32s00', 'JJ')
('swaps', 'NNS')
('png_quantize', 'VB')
('-5e-4', 'NNS')
('run', 'VB')
('got', 'RB')
('because', 'IN')
('comparison', 'NN')
('locations', 'NNS')
('shiftsbit', 'VBP')
('green-c', 'JJ')
('libpng-14x', 'JJ')
('chromaticadaptationtag', 'NN')
('write_count', 'NN')
('assuming', 'VBG')
('interpreting', 'VBG')
('wstrict', 'JJ')
('_shift', 'NN')
('end-of-file', 'JJ')
('widths', 'NNS')
('idea', 'NN')
('introduces', 'NNS')
('prepare', 'VBP')
('type_name', 'JJ')
('weirdness', 'JJ')
('customization', 'NN')
('depths', 'NNS')
('gropes', 'NNS')
('places', 'NNS')
('png_fp_fraction', 'NN')
('recovered', 'VBD')
('x<0', 'NNP')
('alloc_ptr', 'NN')
('rightmost', 'NN')
('been', 'VBN')
('png_set_background_fixedpng_structp', 'RB')
('longer', 'RBR')
('outputavail_out', 'IN')
('nan', 'JJ')
('therein', 'NN')
('maxcalc', 'NN')
('deep', 'RB')
('initiated', 'VBD')
('approximated', 'JJ')
('wextra', 'JJ')
('vlo-vhi', 'NN')
('maxout', 'NN')
('heuristics', 'NNS')
('repositioning', 'VBG')
('summarize', 'NN')
('regained', 'VBD')
('uniqueness', 'JJ')
('congruential', 'JJ')
('despite', 'IN')
('incorrect', 'JJ')
('silence', 'NN')
('sanity', 'NN')
('calculated', 'VBD')
('composing', 'VBG')
('packswap', 'NN')
('description', 'NN')
('test_exhaustive', 'JJ')
('reveal', 'NN')
('section', 'NN')
('backwards', 'NNS')
('casts', 'VBZ')
('merit', 'JJ')
('efficiency', 'NN')
('sake', 'NN')
('considers', 'NNS')
('damages', 'NNS')
('store_read_reset', 'VBP')
('smashed', 'VBN')
('track', 'NN')
('data_pos', 'NN')
('reconstructed', 'VBD')
('libpng-1510', 'JJ')
('sprintf', 'NN')
('-001', 'NNP')
('onto', 'IN')
('scriptspnglibconfdfa', 'NN')
('displays', 'NNS')
('vpagster', 'RBR')
('per-test', 'JJ')
('duplicating', 'NN')
('failure', 'NN')
('push_read', 'JJ')
('allocationdeallocation', 'NN')
('read_background', 'NN')
('assertchannels', 'NNS')
('endrc', 'VBP')
('gammacomposergb-to-gray', 'JJ')
('variations', 'NNS')
('multiplying', 'VBG')
('sense', 'NN')
('libpng-129', 'JJ')
('alternate', 'NN')
('stuff', 'NN')
('leaked', 'VBD')
('pre-multiplication', 'JJ')
('implementations', 'NNS')
('reducing', 'VBG')
('png_pass_start_colpass', 'NN')
('ends', 'VBZ')
('pixelbyte', 'JJ')
('approximate', 'JJ')
('abort', 'NN')
('statistics', 'NNS')
('compare_two_images', 'NNS')
('perform', 'VBP')
('subset', 'VBN')
('systems', 'NNS')
('store_write_reset', 'VBD')
('custom', 'JJ')
('do_expand_16', 'NN')
('anyhow', 'NN')
('lengthtype', 'JJ')
('simplified_read', 'NN')
('png_16_to_8', 'NN')
('asr', 'NN')
('png_warnings_supported', 'VBD')
('catches', 'NNS')
('_ini', 'NNP')
('affects', 'VBZ')
('defeat', 'NN')
('alpha_mode_supported', 'JJ')
('releases', 'NNS')
('separator', 'NN')
('allocate', 'VBP')
('around', 'IN')
('record', 'NN')
('write_weighted_filter', 'NN')
('prevents', 'NNS')
('rewind', 'VBP')
('albeit', 'JJ')
('resets', 'NNS')
('original_ip', 'VBP')
('supplied', 'VBN')
('proceed', 'JJ')
('per-pixel', 'JJ')
('meter', 'NN')
('hides', 'NNS')
('--sp', 'VBP')
('linked', 'VBN')
('grr', 'NN')
('xout', 'IN')
('truncating', 'VBG')
('copy', 'NN')
('breaking', 'VBG')
('zlib_ok', 'NN')
('posterity', 'NN')
('taken', 'VBN')
('premultiplied', 'JJ')
('6-12', 'JJ')
('btoa', 'NN')
('non-gray', 'JJ')
('file->chunk', 'JJ')
('read_16bit', 'NN')
('-werrorstrict-overflow', 'JJ')
('next_length', 'NN')
('demonstration', 'NN')
('mmx', 'VBD')
('fits', 'NNS')
('clean-up', 'RB')
('trashed', 'VBD')
('dumb', 'JJ')
('follows', 'VBZ')
('synced', 'VBD')
('rechunking', 'VBG')
('during', 'IN')
('getset', 'VBN')
('log265535655345', 'NN')
('max>0', 'NN')
('matched', 'VBD')
('weird', 'JJ')
('backward', 'RB')
('stderr', 'JJ')
('equivalence', 'NN')
('carry', 'NN')
('png_read_invert_alpha_supported', 'VBD')
('shift0', 'JJ')
('andn', 'JJ')
('libpng-1241', 'JJ')
('color-space', 'NN')
('excludes', 'NNS')
('rowpass', 'VBP')
('preserved', 'VBN')
('overwritten', 'JJ')
('management', 'NN')
('interaction', 'NN')
('instantiates', 'VBZ')
('deflate', 'JJ')
('thats', 'NNS')
('stopped', 'VBD')
('matrices', 'NNS')
('app_fail', 'RP')
('updating', 'VBG')
('crc_init', 'NN')
('deduced', 'VBD')
('require', 'JJ')
('deflatereset', 'NN')
('weve', 'VBP')
('read_user_chunks', 'NNS')
('endpoints_matchp_srgb', 'VBP')
('guarantees', 'NNS')
('write_filter', 'VBP')
('dumps', 'JJ')
('converge', 'NN')
('white-y', 'JJ')
('x86', 'NNP')
('outputting', 'VBG')
('possibilities', 'NNS')
('png_ptr->palette', 'JJ')
('maxpc', 'JJ')
('iow', 'JJ')
('pm->calculations_use_input_precision', 'NN')
('streams', 'NNS')
('write_interlace', 'VBP')
('check_for_invalid_index', 'NN')
('converts', 'NNS')
('move', 'VBP')
('npalette', 'RB')
('dropping', 'VBG')
('guarantee', 'NN')
('careful', 'JJ')
('swapped', 'VBD')
('errno', 'JJ')
('terminator', 'NN')
('page', 'NN')
('zapped', 'VBD')
('deal', 'NN')
('encoded', 'VBN')
('lock-step', 'JJ')
('clears', 'NNS')
('crashes', 'NNS')
('program', 'NN')
('--strict', 'VBP')
('etc', 'FW')
('memset', 'NN')
('figures', 'NNS')
('constraints', 'NNS')
('original_info', 'VBP')
('<all', 'DT')
('guts', 'NNS')
('failing', 'VBG')
('code', 'NN')
('except', 'IN')
('png_read_bgr_supported', 'JJ')
('store_unknown_chunks', 'NNS')
('wont', 'VBD')
('value-5', 'JJ')
('chunk_end', 'NN')
('started', 'VBD')
('png-fix-itxtexe', 'JJ')
('looks', 'NNS')
('color->gray', 'JJ')
('accuracy', 'JJ')
('product', 'NN')
('adjusted', 'VBN')
('inflateinit2strm0', 'JJ')
('outputoutput_size', 'JJ')
('stash', 'NN')
('performs', 'NNS')
('deprecated', 'VBD')
('inch_conversions', 'NNS')
('ways', 'NNS')
('composed', 'VBD')
('buggy', 'JJ')
('de-interlace', 'NN')
('matrix', 'NN')
('comparepixel', 'NN')
('moves', 'NNS')
('chunk_info', 'VBP')
('stored', 'VBN')
('asked', 'VBD')
('optimizing', 'VBG')
('png_expand', 'NN')
('reduced', 'VBD')
('floorv-vhivhi', 'JJ')
('depending', 'NN')
('resolve', 'VB')
('inconsistent', 'JJ')
('pass-height', 'JJ')
('png_stdio_supported', 'VBN')
('frees', 'NNS')
('callback', 'VBP')
('white-c', 'JJ')
('sees', 'NNS')
('gpc_error_to_colormap', 'JJ')
('reads', 'NNS')
('rgb-16', 'JJ')
('turn', 'NN')
('compared', 'VBN')
('libpngs', 'NNS')
('syncing', 'VBG')
('operation', 'NN')
('stripping', 'VBG')
('july', 'NN')
('generation', 'NN')
('continue', 'VBP')
('read_count', 'NN')
('equivalent', 'JJ')
('unlike', 'IN')
('reader', 'NN')
('hence', 'NN')
('calculates', 'VBZ')
('png_srgb_profile_checks', 'NNS')
('rounds', 'VBZ')
('solved', 'JJ')
('rechunk_length', 'JJ')
('zlib->extra_bytes', 'NNS')
('pngunknown', 'IN')
('png_ptr->row_buf1', 'JJ')
('png_add_alpha', 'NN')
('determinants', 'NNS')
('1100000ths', 'CD')
('redefine', 'JJ')
('encourage', 'NN')
('inchar', 'NN')
('precalculated', 'VBD')
('preserves', 'NNS')
('activate', 'VBP')
('relying', 'VBG')
('issue', 'NN')
('finding', 'VBG')
('white-cwhite-scale', 'JJ')
('no_flush', 'NN')
('callbacks', 'NNS')
('read_ztxt', 'VBP')
('calls', 'VBZ')
('png_row_from_pass_rowyin', 'JJ')
('zlib_init', 'NN')
('s32', 'NN')
